Location,Name,Frequency,Duplex,Offset,Tone,rToneFreq,cToneFreq,DtcsCode,DtcsPolarity,RxDtcsCode,CrossMode,Mode,TStep,Skip,Power,Comment,URCALL,RPT1CALL,RPT2CALL,DVCODE
1,PMR 01,446.006250,,0.600000,,88.5,88.5,023,NN,023,Tone->Tone,NFM,6.25,,50W,EU/ Europa  PMR kanaal 1,,,,
2,PMR 02,446.018750,,0.600000,,88.5,88.5,023,NN,023,Tone->Tone,NFM,6.25,,50W,EU/ Europa  PMR kanaal 2,,,,
3,PMR 03,446.031250,,0.600000,,88.5,88.5,023,NN,023,Tone->Tone,NFM,6.25,,50W,EU/ Europa  PMR kanaal 3,,,,
4,PMR 04,446.043750,,0.600000,,88.5,88.5,023,NN,023,Tone->Tone,NFM,6.25,,50W,EU/ Europa  PMR kanaal 4,,,,
5,PMR 05,446.056250,,0.600000,,88.5,88.5,023,NN,023,Tone->Tone,NFM,6.25,,50W,EU/ Europa  PMR kanaal 5,,,,
6,PMR 06,446.068750,,0.600000,,88.5,88.5,023,NN,023,Tone->Tone,NFM,6.25,,50W,EU/ Europa  PMR kanaal 6,,,,
7,PMR 07,446.081250,,0.600000,,88.5,88.5,023,NN,023,Tone->Tone,NFM,6.25,,50W,EU/ Europa  PMR kanaal 7,,,,
8,PMR 08,446.093750,,0.600000,,88.5,88.5,023,NN,023,Tone->Tone,NFM,5.00,,50W,EU/ Europa  PMR kanaal 8,,,,
9,PMR 09,446.106250,,0.600000,,88.5,88.5,023,NN,023,Tone->Tone,NFM,6.25,,50W,,,,,
10,PMR 10,446.118750,,0.600000,,88.5,88.5,023,NN,023,Tone->Tone,NFM,6.25,,50W,,,,,
11,PMR 11,446.131250,,0.600000,,88.5,88.5,023,NN,023,Tone->Tone,NFM,6.25,,50W,,,,,
12,PMR 12,446.143750,,0.600000,,88.5,88.5,023,NN,023,Tone->Tone,NFM,6.25,,50W,,,,,
13,PMR 13,446.156250,,0.600000,,88.5,88.5,023,NN,023,Tone->Tone,NFM,6.25,,50W,,,,,
14,PMR 14,446.168750,,0.600000,,88.5,88.5,023,NN,023,Tone->Tone,NFM,6.25,,50W,,,,,
15,PMR 15,446.181250,,0.600000,,88.5,88.5,023,NN,023,Tone->Tone,NFM,6.25,,50W,,,,,
16,PMR 16,446.193750,,0.600000,,88.5,88.5,023,NN,023,Tone->Tone,NFM,6.25,,50W,,,,,
17,LPD 01,433.075000,,0.600000,,88.5,88.5,023,NN,023,Tone->Tone,FM,5.00,,50W,,,,,
18,LPD 02,433.100000,,0.600000,,88.5,88.5,023,NN,023,Tone->Tone,FM,5.00,,50W,,,,,
19,LPD 03,433.125000,,0.600000,,88.5,88.5,023,NN,023,Tone->Tone,FM,5.00,,50W,,,,,
20,LPD 04,433.150000,,0.600000,,88.5,88.5,023,NN,023,Tone->Tone,FM,5.00,,50W,,,,,
21,LPD 05,433.175000,,0.600000,,88.5,88.5,023,NN,023,Tone->Tone,FM,5.00,,50W,,,,,
22,LPD 06,433.200000,,0.600000,,88.5,88.5,023,NN,023,Tone->Tone,FM,5.00,,50W,,,,,
23,LPD 07,433.225000,,0.600000,,88.5,88.5,023,NN,023,Tone->Tone,FM,5.00,,50W,,,,,
24,LPD 08,433.250000,,0.600000,,88.5,88.5,023,NN,023,Tone->Tone,FM,5.00,,50W,,,,,
25,LPD 09,433.275000,,0.600000,,88.5,88.5,023,NN,023,Tone->Tone,FM,5.00,,50W,,,,,
26,LPD 10,433.300000,,0.600000,,88.5,88.5,023,NN,023,Tone->Tone,FM,5.00,,50W,,,,,
27,LPD 11,433.325000,,0.600000,,88.5,88.5,023,NN,023,Tone->Tone,FM,5.00,,50W,,,,,
28,LPD 12,433.350000,,0.600000,,88.5,88.5,023,NN,023,Tone->Tone,FM,5.00,,50W,,,,,
29,LPD 13,433.375000,,0.600000,,88.5,88.5,023,NN,023,Tone->Tone,FM,5.00,,50W,,,,,
30,LPD 14,433.400000,,0.600000,,88.5,88.5,023,NN,023,Tone->Tone,FM,5.00,,50W,,,,,
31,LPD 15,433.425000,,0.600000,,88.5,88.5,023,NN,023,Tone->Tone,FM,5.00,,50W,,,,,
32,LPD 16,433.450000,,0.600000,,88.5,88.5,023,NN,023,Tone->Tone,FM,5.00,,50W,,,,,
33,LPD 17,433.475000,,0.600000,,88.5,88.5,023,NN,023,Tone->Tone,FM,5.00,,50W,,,,,
34,LPD 18,433.500000,,0.600000,,88.5,88.5,023,NN,023,Tone->Tone,FM,5.00,,50W,,,,,
35,LPD 19,433.525000,,0.600000,,88.5,88.5,023,NN,023,Tone->Tone,FM,5.00,,50W,,,,,
36,LPD 20,433.550000,,0.600000,,88.5,88.5,023,NN,023,Tone->Tone,FM,5.00,,50W,,,,,
37,LPD 21,433.575000,,0.600000,,88.5,88.5,023,NN,023,Tone->Tone,FM,5.00,,50W,,,,,
38,LPD 22,433.600000,,0.600000,,88.5,88.5,023,NN,023,Tone->Tone,FM,5.00,,50W,,,,,
39,LPD 23,433.625000,,0.600000,,88.5,88.5,023,NN,023,Tone->Tone,FM,5.00,,50W,,,,,
40,LPD 24,433.650000,,0.600000,,88.5,88.5,023,NN,023,Tone->Tone,FM,5.00,,50W,,,,,
41,LPD 25,433.675000,,0.600000,,88.5,88.5,023,NN,023,Tone->Tone,FM,5.00,,50W,,,,,
42,LPD 26,433.700000,,0.600000,,88.5,88.5,023,NN,023,Tone->Tone,FM,5.00,,50W,,,,,
43,LPD 27,433.725000,,0.600000,,88.5,88.5,023,NN,023,Tone->Tone,FM,5.00,,50W,,,,,
44,LPD 28,433.750000,,0.600000,,88.5,88.5,023,NN,023,Tone->Tone,FM,5.00,,50W,,,,,
45,LPD 29,433.775000,,0.600000,,88.5,88.5,023,NN,023,Tone->Tone,FM,5.00,,50W,,,,,
46,LPD 30,433.800000,,0.600000,,88.5,88.5,023,NN,023,Tone->Tone,FM,5.00,,50W,,,,,
47,LPD 31,433.825000,,0.600000,,88.5,88.5,023,NN,023,Tone->Tone,FM,5.00,,50W,,,,,
48,LPD 32,433.850000,,0.600000,,88.5,88.5,023,NN,023,Tone->Tone,FM,5.00,,50W,,,,,
49,LPD 33,433.875000,,0.600000,,88.5,88.5,023,NN,023,Tone->Tone,FM,5.00,,50W,,,,,
50,LPD 34,433.900000,,0.600000,,88.5,88.5,023,NN,023,Tone->Tone,FM,5.00,,50W,,,,,
51,LPD 35,433.925000,,0.600000,,88.5,88.5,023,NN,023,Tone->Tone,FM,5.00,,50W,,,,,
52,LPD 36,433.950000,,0.600000,,88.5,88.5,023,NN,023,Tone->Tone,FM,5.00,,50W,,,,,
53,LPD 37,433.975000,,0.600000,,88.5,88.5,023,NN,023,Tone->Tone,FM,5.00,,50W,,,,,
54,LPD 38,434.000000,,0.600000,,88.5,88.5,023,NN,023,Tone->Tone,FM,5.00,,50W,,,,,
55,LPD 39,434.025000,,0.600000,,88.5,88.5,023,NN,023,Tone->Tone,FM,5.00,,50W,,,,,
56,LPD 40,434.050000,,0.600000,,88.5,88.5,023,NN,023,Tone->Tone,FM,5.00,,50W,,,,,
57,LPD 41,434.075000,,0.600000,,88.5,88.5,023,NN,023,Tone->Tone,FM,5.00,,50W,,,,,
58,LPD 42,434.100000,,0.600000,,88.5,88.5,023,NN,023,Tone->Tone,FM,5.00,,50W,,,,,
59,LPD 43,434.125000,,0.600000,,88.5,88.5,023,NN,023,Tone->Tone,FM,5.00,,50W,,,,,
60,LPD 44,434.150000,,0.600000,,88.5,88.5,023,NN,023,Tone->Tone,FM,5.00,,50W,,,,,
61,LPD 45,434.175000,,0.600000,,88.5,88.5,023,NN,023,Tone->Tone,FM,5.00,,50W,,,,,
62,LPD 46,434.200000,,0.600000,,88.5,88.5,023,NN,023,Tone->Tone,FM,5.00,,50W,,,,,
63,LPD 47,434.225000,,0.600000,,88.5,88.5,023,NN,023,Tone->Tone,FM,5.00,,50W,,,,,
64,LPD 48,434.250000,,0.600000,,88.5,88.5,023,NN,023,Tone->Tone,FM,5.00,,50W,,,,,
65,LPD 49,434.275000,,0.600000,,88.5,88.5,023,NN,023,Tone->Tone,FM,5.00,,50W,,,,,
66,LPD 50,434.300000,,0.600000,,88.5,88.5,023,NN,023,Tone->Tone,FM,5.00,,50W,,,,,
67,LPD 51,434.325000,,0.600000,,88.5,88.5,023,NN,023,Tone->Tone,FM,5.00,,50W,,,,,
68,LPD 52,434.350000,,0.600000,,88.5,88.5,023,NN,023,Tone->Tone,FM,5.00,,50W,,,,,
69,LPD 53,434.375000,,0.600000,,88.5,88.5,023,NN,023,Tone->Tone,FM,5.00,,50W,,,,,
70,LPD 54,434.400000,,0.600000,,88.5,88.5,023,NN,023,Tone->Tone,FM,5.00,,50W,,,,,
71,LPD 55,434.425000,,0.600000,,88.5,88.5,023,NN,023,Tone->Tone,FM,5.00,,50W,,,,,
72,LPD 56,434.450000,,0.600000,,88.5,88.5,023,NN,023,Tone->Tone,FM,5.00,,50W,,,,,
73,LPD 57,434.475000,,0.600000,,88.5,88.5,023,NN,023,Tone->Tone,FM,5.00,,50W,,,,,
74,LPD 58,434.500000,,0.600000,,88.5,88.5,023,NN,023,Tone->Tone,FM,5.00,,50W,,,,,
75,LPD 59,434.525000,,0.600000,,88.5,88.5,023,NN,023,Tone->Tone,FM,5.00,,50W,,,,,
76,LPD 60,434.550000,,0.600000,,88.5,88.5,023,NN,023,Tone->Tone,FM,5.00,,50W,,,,,
77,LPD 61,434.575000,,0.600000,,88.5,88.5,023,NN,023,Tone->Tone,FM,5.00,,50W,,,,,
78,LPD 62,434.600000,,0.600000,,88.5,88.5,023,NN,023,Tone->Tone,FM,5.00,,50W,,,,,
79,LPD 63,434.625000,,0.600000,,88.5,88.5,023,NN,023,Tone->Tone,FM,5.00,,50W,,,,,
80,LPD 64,434.650000,,0.600000,,88.5,88.5,023,NN,023,Tone->Tone,FM,5.00,,50W,,,,,
81,LPD 65,434.675000,,0.600000,,88.5,88.5,023,NN,023,Tone->Tone,FM,5.00,,50W,,,,,
82,LPD 66,434.700000,,0.600000,,88.5,88.5,023,NN,023,Tone->Tone,FM,5.00,,50W,,,,,
83,LPD 67,434.725000,,0.600000,,88.5,88.5,023,NN,023,Tone->Tone,FM,5.00,,50W,,,,,
84,LPD 68,434.750000,,0.600000,,88.5,88.5,023,NN,023,Tone->Tone,FM,5.00,,50W,,,,,
85,LPD 69,434.775000,,0.600000,,88.5,88.5,023,NN,023,Tone->Tone,FM,5.00,,50W,,,,,
101,Arriva,419.875000,,0.600000,TSQL,74.4,74.4,023,NN,023,Tone->Tone,NFM,5.00,,50W,NL/ Landelijk Combofoon Kort verkeer (Arriva),,,,
102,Connexxi,419.875000,,0.600000,TSQL,88.5,88.5,023,NN,023,Tone->Tone,NFM,5.00,,50W,NL/ Landelijk Combofoon Kort verkeer (Connexxion),,,,
103,Combo L1,419.875000,,0.600000,TSQL,110.9,110.9,023,NN,023,Tone->Tone,NFM,5.00,,50W,NL/ Landelijk Combofoon Kort verkeer (landelijk activiteiten 1),,,,
104,Combo L2,419.875000,,0.600000,TSQL,114.8,114.8,023,NN,023,Tone->Tone,NFM,5.00,,50W,NL/ Landelijk Combofoon Kort verkeer (landelijk activiteiten 2),,,,
105,Combo L3,419.875000,,0.600000,TSQL,118.8,118.8,023,NN,023,Tone->Tone,NFM,5.00,,50W,NL/ Landelijk Combofoon Kort verkeer (landelijk activiteiten 3),,,,
106,Combo L4,419.875000,,0.600000,TSQL,123.0,123.0,023,NN,023,Tone->Tone,NFM,5.00,,50W,NL/ Landelijk Combofoon Kort verkeer (landelijk activiteiten 4),,,,
107,Qbuzz,419.875000,,0.600000,TSQL,186.2,186.2,023,NN,023,Tone->Tone,NFM,5.00,,50W,NL/ Landelijk Combofoon Kort verkeer (Qbuzz/U-Ov),,,,
108,Syntus,419.875000,,0.600000,TSQL,100.0,100.0,023,NN,023,Tone->Tone,NFM,5.00,,50W,NL/ Landelijk Combofoon Kort verkeer (Syntus),,,,
109,Veolia,419.875000,,0.600000,TSQL,77.0,77.0,023,NN,023,Tone->Tone,NFM,5.00,,50W,NL/ Landelijk Combofoon Kort verkeer (Veolia),,,,
110,Frl Arrivand,419.875000,,0.600000,TSQL,71.9,71.9,023,NN,023,Tone->Tone,NFM,5.00,,50W,Frl/Friesland Combofoon Kort verkeer (Arriva) Friesland,,,,
111,Ov Connexte,419.875000,,0.600000,TSQL,100.0,100.0,023,NN,023,Tone->Tone,NFM,5.00,,50W,Ov/Overijssel Combofoon Kort verkeer (Connexxion)_ Twente/Salland,,,,
112,Ov Syntusel,419.875000,,0.600000,TSQL,71.9,71.9,023,NN,023,Tone->Tone,NFM,5.00,,50W,Ov/Overijssel Combofoon Kort verkeer (Syntus)_ Overijssel,,,,
113,Frl Arrivaen,419.875000,,0.600000,TSQL,77.0,77.0,023,NN,023,Tone->Tone,NFM,5.00,,50W,Frl/Ameland Arriva busdienst,,,,
114,NH EBS,419.875000,,0.600000,TSQL,136.5,136.5,023,NN,023,Tone->Tone,NFM,5.00,,50W,NH/Amsterdam EBS busvervoer   Waterland A'dam Purmerend - kort verkeer,,,,
115,Arrivaht,419.875000,,0.600000,TSQL,110.9,110.9,023,NN,023,Tone->Tone,NFM,5.00,,50W,NL/Dordrecht Arriva Dordt,,,,
116,ArrivaGO,419.875000,,0.600000,TSQL,114.8,114.8,023,NN,023,Tone->Tone,NFM,5.00,,50W,NL/Goeree Overvlakkee Arriva Hoekse Waard/Goeree Overvlakkee,,,,
117,Combo k2,419.875000,,0.600000,,88.5,88.5,023,NN,023,Tone->Tone,NFM,5.00,,50W,NL/ Landelijk Combofoon Kort verkeer [overig],,,,
118,Ballon 1,122.250000,,0.600000,,88.5,88.5,023,NN,023,Tone->Tone,AM,5.00,,50W,NL/ Landelijk Ballonvaart,,,,
119,Ballon 2,122.600000,,0.600000,,88.5,88.5,023,NN,023,Tone->Tone,AM,5.00,,50W,NL/ Landelijk Ballonvaart_ uitwijk,,,,
120,Zweef 1,122.475000,,0.600000,,88.5,88.5,023,NN,023,Tone->Tone,AM,5.00,,50W,NL/ Landelijk Zweefvliegtuigen,,,,
121,Zweef 2,122.500000,,0.600000,,88.5,88.5,023,NN,023,Tone->Tone,AM,5.00,,50W,NL/ Landelijk Zweefvliegtuigen,,,,
122,Zweef 3,123.350000,,0.600000,,88.5,88.5,023,NN,023,Tone->Tone,AM,5.00,,50W,NL/ Landelijk Zweefvliegtuigen,,,,
123,Zweef 4,123.375000,,0.600000,,88.5,88.5,023,NN,023,Tone->Tone,AM,5.00,,50W,NL/ Landelijk Zweefvliegtuigen,,,,
124,Zweef 5,123.500000,,0.600000,,88.5,88.5,023,NN,023,Tone->Tone,AM,5.00,,50W,NL/ Landelijk Zweefvliegtuigen,,,,
125,Zweef 6,129.975000,,0.600000,,88.5,88.5,023,NN,023,Tone->Tone,AM,5.00,,50W,NL/ Landelijk Zweefvliegtuigen,,,,
126,Zweef 7,130.125000,,0.600000,,88.5,88.5,023,NN,023,Tone->Tone,AM,5.00,,50W,NL/ Landelijk Zweefvliegtuigen,,,,
127,Para 1,122.800000,,0.600000,,88.5,88.5,023,NN,023,Tone->Tone,AM,5.00,,50W,NL/ Landelijk Parajumping,,,,
128,ULV 1,123.425000,,0.600000,,88.5,88.5,023,NN,023,Tone->Tone,AM,5.00,,50W,NL/ Landelijk Ultralights,,,,
129,IntA2A 1,123.400000,,0.600000,,88.5,88.5,023,NN,023,Tone->Tone,AM,5.00,,50W,NL/ Landelijk Air-to-Air international,,,,
130,IntA2A 2,123.450000,,0.600000,,88.5,88.5,023,NN,023,Tone->Tone,AM,5.00,,50W,NL/ Landelijk Air-to-Air international,,,,
131,IntA2A 3,123.475000,,0.600000,,88.5,88.5,023,NN,023,Tone->Tone,AM,5.00,,50W,NL/ Landelijk Air-to-Air international,,,,
132,Air Emrg,121.500000,,0.600000,,88.5,88.5,023,NN,023,Tone->Tone,AM,5.00,,50W,NL/ Landelijk International emergency frequency VHF,,,,
133,DiscEmrg,120.875000,,0.600000,,88.5,88.5,023,NN,023,Tone->Tone,AM,5.00,,50W,NL/Schiphol EHAA Discrete emergency frequency ,,,,
134,Volmet,126.200000,,0.600000,,88.5,88.5,023,NN,023,Tone->Tone,AM,6.25,,50W,NL/Schiphol EHAA Volmet ,,,,
201,PI3UTR,145.575000,-,0.600000,Tone,77.0,88.5,023,NN,023,Tone->Tone,FM,12.50,,50W,Utrecht (IJsselstein),,,,
202,PI3ALK,145.600000,-,0.600000,Tone,88.5,88.5,023,NN,023,Tone->Tone,FM,12.50,,50W,Alkmaar,,,,
203,PI3ZVL,145.600000,-,0.600000,Tone,88.5,88.5,023,NN,023,Tone->Tone,FM,12.50,,50W,Zeeuws-Vlaanderen (Terneuzen),,,,
204,PI3TWE,145.600000,-,0.600000,Tone,77.0,88.5,023,NN,023,Tone->Tone,FM,12.50,,50W,Twente (Enschede),,,,
205,PI3SRT,145.600000,-,0.600000,Tone,71.9,88.5,023,NN,023,Tone->Tone,FM,12.50,,50W,Schouwen-Duiveland (Zierikzee),,,,
206,PI3NOG,145.612500,-,0.600000,Tone,82.5,88.5,023,NN,023,Tone->Tone,FM,12.50,,50W,Noord-Oost Gelderland (Epe),,,,
207,PI3BOZ,145.625000,-,0.600000,Tone,88.5,88.5,023,NN,023,Tone->Tone,FM,12.50,,50W,Bergen op Zoom,,,,
208,PI3ZOD,145.625000,-,0.600000,Tone,82.5,88.5,023,NN,023,Tone->Tone,FM,12.50,,50W,Zoetermeer,,,,
209,PI3AMF,145.625000,-,0.600000,Tone,77.0,88.5,023,NN,023,Tone->Tone,FM,12.50,,50W,Amersfoort,,,,
210,PI2FRL,145.637500,-,0.600000,Tone,82.5,88.5,023,NN,023,Tone->Tone,FM,12.50,,50W,Friesland (Irnsum),,,,
211,PI3ZUT,145.637500,-,0.600000,Tone,77.0,88.5,023,NN,023,Tone->Tone,FM,12.50,,50W,Zutphen,,,,
212,PI3MEP,145.650000,-,0.600000,Tone,82.5,88.5,023,NN,023,Tone->Tone,FM,12.50,,50W,Meppel,,,,
213,PI3BRD,145.650000,-,0.600000,Tone,71.9,88.5,023,NN,023,Tone->Tone,FM,12.50,,50W,Breda,,,,
214,PI3RTD,145.675000,-,0.600000,Tone,88.5,88.5,023,NN,023,Tone->Tone,FM,12.50,,50W,Rotterdam,,,,
215,PI3NOV,145.675000,-,0.600000,Tone,77.0,88.5,023,NN,023,Tone->Tone,FM,12.50,,50W,Veluwe (Hattem),,,,
216,PI3HVN,145.700000,-,0.600000,Tone,82.5,88.5,023,NN,023,Tone->Tone,FM,12.50,,50W,Heerenveen,,,,
217,PI3EHV,145.700000,-,0.600000,Tone,71.9,88.5,023,NN,023,Tone->Tone,FM,12.50,,50W,Eindhoven,,,,
218,PI3DTC,145.700000,-,0.600000,Tone,77.0,88.5,023,NN,023,Tone->Tone,FM,12.50,,50W,Doetinchem,,,,
219,PI3ZAZ,145.712500,-,0.600000,Tone,88.5,88.5,023,NN,023,Tone->Tone,FM,12.50,,50W,Zuid-Amstelland (Uithoorn),,,,
220,PI3APD,145.725000,-,0.600000,Tone,77.0,88.5,023,NN,023,Tone->Tone,FM,12.50,,50W,Apeldoorn,,,,
221,PI2ZLD,145.725000,-,0.000000,Tone,88.5,88.5,023,NN,023,Tone->Tone,FM,12.50,,50W,Zeeland (Goes),,,,
222,PI3ZLB,145.725000,-,0.600000,Tone,71.9,88.5,023,NN,023,Tone->Tone,FM,12.50,,50W,Zuid-Limburg (Heerlen),,,,
223,PI3FLD,145.737500,-,0.600000,Tone,77.0,88.5,023,NN,023,Tone->Tone,FM,12.50,,50W,Flevoland (Lelystad),,,,
224,PI3NYM,145.750000,-,0.600000,Tone,77.0,88.5,023,NN,023,Tone->Tone,FM,12.50,,50W,Nijmegen,,,,
225,PI3GRN,145.750000,-,0.600000,Tone,82.5,88.5,023,NN,023,Tone->Tone,FM,12.50,,50W,Groningen,,,,
226,PI3RAZ,145.750000,-,0.600000,Tone,88.5,88.5,023,NN,023,Tone->Tone,FM,12.50,,50W,Alphen a/d Rijn,,,,
227,PI3GOE,145.775000,-,0.600000,Tone,88.5,88.5,023,NN,023,Tone->Tone,FM,12.50,,50W,Goes,,,,
228,PI1ASD,145.787500,-,0.600000,Tone,110.9,88.5,023,NN,023,Tone->Tone,FM,12.50,,50W,Amsterdam,,,,
229,PI2GOR,430.012500,+,1.600000,Tone,88.5,88.5,023,NN,023,Tone->Tone,FM,12.50,,50W,Gorinchem,,,,
230,PI2BOZ,430.025000,+,1.600000,Tone,88.5,88.5,023,NN,023,Tone->Tone,FM,12.50,,50W,Bergen op Zoom,,,,
231,PI2HVN,430.025000,+,1.600000,Tone,82.5,88.5,023,NN,023,Tone->Tone,FM,12.50,,50W,Heerenveen,,,,
232,PI2ZAZ,430.037500,+,1.600000,Tone,88.5,88.5,023,NN,023,Tone->Tone,FM,12.50,,50W,Zuid-Amstelland (Uithoorn),,,,
233,PI2ANH,430.050000,+,1.600000,Tone,77.0,88.5,023,NN,023,Tone->Tone,FM,12.50,,50W,Arnhem,,,,
234,PI2NWK,430.050000,+,1.600000,Tone,88.5,88.5,023,NN,023,Tone->Tone,FM,12.50,,50W,Naaldwijk,,,,
235,PI2ASN,430.050000,+,1.600000,Tone,82.5,88.5,023,NN,023,Tone->Tone,FM,12.50,,50W,Assen,,,,
236,PI2ZST,430.075000,+,1.600000,Tone,77.0,88.5,023,NN,023,Tone->Tone,FM,12.50,,50W,Zeist,,,,
237,PI2ZLD,430.075000,+,1.600000,Tone,88.5,88.5,023,NN,023,Tone->Tone,FM,12.50,,50W,Zeeland (Goes),,,,
238,PI2MEP,430.075000,+,1.600000,Tone,82.5,88.5,023,NN,023,Tone->Tone,FM,12.50,,50W,Meppel,,,,
239,PI2DFT,430.087500,+,1.600000,Tone,88.5,88.5,023,NN,023,Tone->Tone,FM,12.50,,50W,Delft,,,,
240,PI2EHV,430.100000,+,1.600000,Tone,71.9,88.5,023,NN,023,Tone->Tone,FM,12.50,,50W,Eindhoven,,,,
241,PI2NOS,430.125000,+,1.600000,Tone,77.0,88.5,023,NN,023,Tone->Tone,FM,12.50,,50W,Bovenregionaal (Hilversum/IJsselstein),,,,
242,PI2APD,430.150000,+,1.600000,Tone,82.5,88.5,023,NN,023,Tone->Tone,FM,12.50,,50W,Apeldoorn,,,,
243,PI2RAZ,430.150000,+,1.600000,Tone,88.5,88.5,023,NN,023,Tone->Tone,FM,12.50,,50W,Alphen a/d Rijn,,,,
244,PI2ZWS,430.150000,+,1.600000,Tone,88.5,88.5,023,NN,023,Tone->Tone,FM,12.50,,50W,Zuid-West Friesland (Joure),,,,
245,PI2SHB,430.175000,+,1.600000,Tone,71.9,88.5,023,NN,023,Tone->Tone,FM,12.50,,50W,s-Hertogenbosch,,,,
246,PI2KMP,430.175000,+,1.600000,Tone,77.0,88.5,023,NN,023,Tone->Tone,FM,12.50,,50W,Kampen,,,,
247,PI2NLB,430.200000,+,1.600000,Tone,71.9,88.5,023,NN,023,Tone->Tone,FM,12.50,,50W,Noord-Limburg (Venlo),,,,
248,PI2TWE,430.225000,+,1.600000,Tone,77.0,88.5,023,NN,023,Tone->Tone,FM,12.50,,50W,Twente (Enschede),,,,
249,PI2SWK,430.225000,+,1.600000,Tone,88.5,88.5,023,NN,023,Tone->Tone,FM,12.50,,50W,Stolwijk,,,,
250,PI2GRO,430.237500,+,1.600000,Tone,82.5,88.5,023,NN,023,Tone->Tone,FM,12.50,,50W,Groningen,,,,
251,PI2HLM,430.250000,+,1.600000,Tone,88.5,88.5,023,NN,023,Tone->Tone,FM,12.50,,50W,Haarlem,,,,
252,PI2AMF,430.250000,+,1.600000,Tone,77.0,88.5,023,NN,023,Tone->Tone,FM,12.50,,50W,Amersfoort,,,,
253,PI2RDH,430.262500,+,1.600000,Tone,88.5,88.5,023,NN,023,Tone->Tone,FM,12.50,,50W,Rheden,,,,
254,PI2NON,430.275000,+,1.600000,,88.5,88.5,023,NN,023,Tone->Tone,FM,12.50,,50W,Noord-Oost Nederland (Emmen),,,,
255,PI2FLD,430.287500,+,1.600000,Tone,77.0,88.5,023,NN,023,Tone->Tone,FM,12.50,,50W,Flevoland (Lelystad),,,,
256,PI2RTD,430.300000,+,1.600000,Tone,88.5,88.5,023,NN,023,Tone->Tone,FM,12.50,,50W,Rotterdam,,,,
257,PI2NMG,430.312500,+,1.600000,Tone,77.0,88.5,023,NN,023,Tone->Tone,FM,12.50,,50W,Nijmegen,,,,
258,PI2NOG,430.325000,+,1.600000,Tone,82.5,88.5,023,NN,023,Tone->Tone,FM,12.50,,50W,Noord-Oost Gelderland (Epe),,,,
259,PI2VLI,430.337500,+,1.600000,Tone,88.5,88.5,023,NN,023,Tone->Tone,FM,12.50,,50W,Vlissingen,,,,
260,PI2HGL,430.350000,+,1.600000,Tone,88.5,88.5,023,NN,023,Tone->Tone,FM,12.50,,50W,Hengelo,,,,
261,PI2VNR,430.350000,+,1.600000,Tone,71.9,88.5,023,NN,023,Tone->Tone,FM,12.50,,50W,Venray,,,,
262,PI2DEC,430.362500,+,1.600000,Tone,88.5,88.5,023,NN,023,Tone->Tone,FM,12.50,,50W,Deventer,,,,
263,PI1DEV,430.362500,+,1.600000,,88.5,88.5,023,NN,023,Tone->Tone,FM,12.50,,50W,Deventer,,,,
264,PI2ALK,430.375000,+,1.600000,Tone,88.5,88.5,023,NN,023,Tone->Tone,FM,12.50,,50W,Alkmaar,,,,
265,PI2RKW,438.125000,-,7.600000,Tone,71.9,88.5,023,NN,023,Tone->Tone,FM,12.50,,50W,Roelofarendsveen,,,,
266,PI2HVS,438.137500,-,7.600000,Tone,77.0,88.5,023,NN,023,Tone->Tone,FM,12.50,,50W,Hilversum,,,,
267,PI2RLT,438.225000,+,7.600000,Tone,77.0,88.5,023,NN,023,Tone->Tone,FM,12.50,,50W,Roermond,,,,
268,PI1ZLD,438.400000,-,7.600000,Tone,88.5,88.5,023,NN,023,Tone->Tone,FM,12.50,,50W,Zeeland,,,,
269,PI2ASD,438.500000,-,7.000000,Tone,110.9,88.5,023,NN,023,Tone->Tone,FM,12.50,,50W,Amsterdam,,,,
301,TWR 18C/36C,118.100000,,0.000000,,88.5,88.5,023,NN,023,Tone->Tone,AM,5.00,,50W,Schiphol Tower Primary Zwanenburgbaan,,,,
302,TWR 18R/36L,118.275000,,0.000000,,88.5,88.5,023,NN,023,Tone->Tone,AM,5.00,,50W,Schiphol Tower Primary Polderbaan,,,,
303,TWR 04/22/36R,119.225000,,0.000000,,88.5,88.5,023,NN,023,Tone->Tone,AM,5.00,,50W,Schiphol Tower Oostbaan/Aalsmeerbaan,,,,
304,TWR 06/24,135.108330,,0.000000,,88.5,88.5,023,NN,023,Tone->Tone,AM,5.00,,50W,Schiphol Tower Primary Kaagbaan,,,,
305,AMS Arrival 1,118.400000,,0.000000,,88.5,88.5,023,NN,023,Tone->Tone,AM,5.00,,50W,Schiphol Arrival Primary,,,,
306,AMS Arrival 2,126.675000,,0.000000,,88.5,88.5,023,NN,023,Tone->Tone,AM,5.00,,50W,Schiphol Arrival Secondary,,,,
307,AMS Approach,119.050000,,0.000000,,88.5,88.5,023,NN,023,Tone->Tone,AM,5.00,,50W,Schiphol Approach,,,,
308,AMS Departure,121.200000,,0.000000,,88.5,88.5,023,NN,023,Tone->Tone,AM,5.00,,50W,Schiphol Departure,,,,
309,GND 18R,121.558330,,0.000000,,88.5,88.5,023,NN,023,Tone->Tone,AM,5.00,,50W,Groundcontrol Polderbaan,,,,
310,GND 06/24,121.700000,,0.000000,,88.5,88.5,023,NN,023,Tone->Tone,AM,5.00,,50W,Groundcontrol Kaagbaan,,,,
311,GND 18C/36C,121.900000,,0.000000,,88.5,88.5,023,NN,023,Tone->Tone,AM,5.00,,50W,Groundcontrol Zwanenburgbaan,,,,
312,GND 04/22/36R,121.800000,,0.000000,,88.5,88.5,023,NN,023,Tone->Tone,AM,5.00,,50W,Groundcontrol Oost/Buitenveldert,,,,
313,AMS Delivery,121.591660,,0.000000,,88.5,88.5,023,NN,023,Tone->Tone,AM,5.00,,50W,Delivery / Ground Back-up,,,,
314,RDR SUGOL,118.800000,,0.000000,,88.5,88.5,023,NN,023,Tone->Tone,AM,5.00,,50W,Radar Arrivals via SUGOL,,,,
315,RDR ARTIP,120.550000,,0.000000,,88.5,88.5,023,NN,023,Tone->Tone,AM,5.00,,50W,Radar Arrivals via ARTIP,,,,
316,RDR RIVER,127.775000,,0.000000,,88.5,88.5,023,NN,023,Tone->Tone,AM,5.00,,50W,Radar Arrivals via RIVER,,,,
317,ATIS ARR,132.975000,,0.000000,,88.5,88.5,023,NN,023,Tone->Tone,AM,5.00,,50W,Arrival Info Continu,,,,
318,ATIS DEP,122.200000,,0.000000,,88.5,88.5,023,NN,023,Tone->Tone,AM,5.00,,50W,Departure Info,,,,
319,Snowdesk,121.300000,,0.000000,,88.5,88.5,023,NN,023,Tone->Tone,AM,5.00,,50W,Snowdesk Winter Operations,,,,
320,Tower BackUp,118.950000,,0.000000,,88.5,88.5,023,NN,023,Tone->Tone,AM,5.00,,50W,Schiphol Tower Back-up,,,,
321,App/Dep Back,118.075000,,0.000000,,88.5,88.5,023,NN,023,Tone->Tone,AM,5.00,,50W,Approach / Departure Back-up,,,,
322,App Sec/Emer,131.150000,,0.000000,,88.5,88.5,023,NN,023,Tone->Tone,AM,5.00,,50W,Approach Secondary/Emergency,,,,
323,VFR StartUp,121.975000,,0.000000,,88.5,88.5,023,NN,023,Tone->Tone,AM,5.00,,50W,Clearance Delivery VFR,,,,
324,Platfm Noord,121.875000,,0.000000,,88.5,88.5,023,NN,023,Tone->Tone,AM,5.00,,50W,Vliegtuigtrekkers Noord,,,,
325,Platfm Zuid,121.775000,,0.000000,,88.5,88.5,023,NN,023,Tone->Tone,AM,5.00,,50W,Vliegtuigtrekkers Zuid,,,,
326,K-Apron Oost,121.925000,,0.000000,,88.5,88.5,023,NN,023,Tone->Tone,AM,5.00,,50W,General Aviation Schiphol-Oost,,,,
327,Radar Noord,134.375000,,0.000000,,88.5,88.5,023,NN,023,Tone->Tone,AM,5.00,,50W,ACC Radar sector 1 Noord,,,,
328,Radar Oost 1,124.875000,,0.000000,,88.5,88.5,023,NN,023,Tone->Tone,AM,5.00,,50W,ACC Radar sector 2 Oost Outbound,,,,
329,Radar Oost 2,128.575000,,0.000000,,88.5,88.5,023,NN,023,Tone->Tone,AM,5.00,,50W,ACC Radar sector 2 Oost Inbound,,,,
330,Radar Zuid 1,123.850000,,0.000000,,88.5,88.5,023,NN,023,Tone->Tone,AM,5.00,,50W,ACC Radar sector 3 Zuid,,,,
331,Radar Zuid 2,130.950000,,0.000000,,88.5,88.5,023,NN,023,Tone->Tone,AM,5.00,,50W,ACC Radar sector 3 Zuid Inbound,,,,
332,Radar Z-West,125.750000,,0.000000,,88.5,88.5,023,NN,023,Tone->Tone,AM,5.00,,50W,ACC Radar sector 4 Zuid-West,,,,
333,Radar N-West,123.700000,,0.000000,,88.5,88.5,023,NN,023,Tone->Tone,AM,5.00,,50W,ACC Radar sector 5 Noord-West,,,,
334,Dutch Mil L1,128.350000,,0.000000,,88.5,88.5,023,NN,023,Tone->Tone,AM,5.00,,50W,Dutch Mil Radar Lower 1,,,,
335,Dutch Mil L2,125.925000,,0.000000,,88.5,88.5,023,NN,023,Tone->Tone,AM,5.00,,50W,Dutch Mil Radar Lower 2,,,,
336,Dutch Mil Up,120.825000,,0.000000,,88.5,88.5,023,NN,023,Tone->Tone,AM,5.00,,50W,Dutch Mil Radar Upper,,,,
337,Dutch Mil FIS,132.350000,,0.000000,,88.5,88.5,023,NN,023,Tone->Tone,AM,5.00,,50W,Dutch Mil Flight Info,,,,
338,Mil FIS Noord,136.225000,,0.000000,,88.5,88.5,023,NN,023,Tone->Tone,AM,5.00,,50W,Mil Regional Info Noord/Mid,,,,
339,Mil FIS Zuid,136.300000,,0.000000,,88.5,88.5,023,NN,023,Tone->Tone,AM,5.00,,50W,Mil Regional Info Zuid,,,,
340,Mil RAPCON N,118.575000,,0.000000,,88.5,88.5,023,NN,023,Tone->Tone,AM,5.00,,50W,RAPCON North Backup,,,,
341,Mil RAPCON W,123.575000,,0.000000,,88.5,88.5,023,NN,023,Tone->Tone,AM,5.00,,50W,RAPCON West,,,,
342,Mil RAPCON S,123.175000,,0.000000,,88.5,88.5,023,NN,023,Tone->Tone,AM,5.00,,50W,RAPCON South (Volkel),,,,
343,Police Flight,128.000000,,0.000000,,88.5,88.5,023,NN,023,Tone->Tone,AM,5.00,,50W,Politie Luchtvaart Dispatch,,,,
344,VOLMET AMS,126.200000,,0.000000,,88.5,88.5,023,NN,023,Tone->Tone,AM,5.00,,50W,Amsterdam Met Broadcast,,,,
345,Airside Mgr,130.475000,,0.000000,,88.5,88.5,023,NN,023,Tone->Tone,AM,5.00,,50W,Airside Operations Manager,,,,
346,KLM De-Ice C,121.600000,,0.000000,,88.5,88.5,023,NN,023,Tone->Tone,AM,5.00,,50W,KLM De-icing Control,,,,
347,KLM De-Ice 10,121.716600,,0.000000,,88.5,88.5,023,NN,023,Tone->Tone,AM,5.00,,50W,KLM De-icing P10,,,,
348,KLM De-Ice 13,121.741600,,0.000000,,88.5,88.5,023,NN,023,Tone->Tone,AM,5.00,,50W,KLM De-icing P1/P3,,,,
349,KLM De-Ice 12,130.025000,,0.000000,,88.5,88.5,023,NN,023,Tone->Tone,AM,5.00,,50W,KLM De-icing P12,,,,
350,KLM De-Ice 14,130.650000,,0.000000,,88.5,88.5,023,NN,023,Tone->Tone,AM,5.00,,50W,KLM De-icing P14,,,,
351,KLM De-Ice 16,131.700000,,0.000000,,88.5,88.5,023,NN,023,Tone->Tone,AM,5.00,,50W,KLM De-icing P16,,,,
352,KLM Dispatch,131.433300,,0.000000,,88.5,88.5,023,NN,023,Tone->Tone,AM,5.00,,50W,KLM Flow Control/Slots,,,,
353,KLM Maint,131.941600,,0.000000,,88.5,88.5,023,NN,023,Tone->Tone,AM,5.00,,50W,KLM Aircraft Maintenance,,,,
354,KLC Ops,131.450000,,0.000000,,88.5,88.5,023,NN,023,Tone->Tone,AM,5.00,,50W,KLM Cityhopper Operations,,,,
355,KLM Flightw,131.650000,,0.000000,,88.5,88.5,023,NN,023,Tone->Tone,AM,5.00,,50W,KLM Ops Flightwatch,,,,
356,KLM Team ICA,131.416600,,0.000000,,88.5,88.5,023,NN,023,Tone->Tone,AM,5.00,,50W,KLM Team Leaders E/F/G,,,,
357,KLM Team EUR,131.425000,,0.000000,,88.5,88.5,023,NN,023,Tone->Tone,AM,5.00,,50W,KLM Team Leaders B/C/D,,,,
358,Transavia Ops,131.900000,,0.000000,,88.5,88.5,023,NN,023,Tone->Tone,AM,5.00,,50W,Transavia Ops & Maint,,,,
359,TUI Arke Ops,131.683300,,0.000000,,88.5,88.5,023,NN,023,Tone->Tone,AM,5.00,,50W,TUI Arke Fly Operations,,,,
360,dnata Pax,131.408330,,0.000000,,88.5,88.5,023,NN,023,Tone->Tone,AM,5.00,,50W,dnata Passenger/Handling,,,,
361,dnata Cargo,131.850000,,0.000000,,88.5,88.5,023,NN,023,Tone->Tone,AM,5.00,,50W,dnata Cargo Handling,,,,
362,Menzies Ops,131.800000,,0.000000,,88.5,88.5,023,NN,023,Tone->Tone,AM,5.00,,50W,Menzies Operations,,,,
363,Aviapartner,131.575000,,0.000000,,88.5,88.5,023,NN,023,Tone->Tone,AM,5.00,,50W,Aviapartner Amsterdam,,,,
364,Swissport Han,131.558300,,0.000000,,88.5,88.5,023,NN,023,Tone->Tone,AM,5.00,,50W,Swissport Handling Agency,,,,
365,Jet NL Oost,131.566600,,0.000000,,88.5,88.5,023,NN,023,Tone->Tone,AM,5.00,,50W,Jet Netherlands Schiphol-Oost,,,,
366,EL-AL Ops,131.500000,,0.000000,,88.5,88.5,023,NN,023,Tone->Tone,AM,5.00,,50W,EL-AL Operations,,,,
367,BA Engin,131.550000,,0.000000,,88.5,88.5,023,NN,023,Tone->Tone,AM,5.00,,50W,British Airways Engineering,,,,
368,JAL Ops,131.600000,,0.000000,,88.5,88.5,023,NN,023,Tone->Tone,AM,5.00,,50W,Japan Airlines,,,,
369,Jet Aviation,131.625000,,0.000000,,88.5,88.5,023,NN,023,Tone->Tone,AM,5.00,,50W,Jet Aviation FBO,,,,
370,Gatedesk,131.775000,,0.000000,,88.5,88.5,023,NN,023,Tone->Tone,AM,5.00,,50W,Gatedesk Operations,,,,
371,ATC Op Info,131.350000,,0.000000,,88.5,88.5,023,NN,023,Tone->Tone,AM,5.00,,50W,ATC Operational Info,,,,
372,LVNL Baan,134.875000,,0.000000,,88.5,88.5,023,NN,023,Tone->Tone,AM,5.00,,50W,Baankanaal (gekoppeld 447.175),,,,
373,Haven OPS 1,465.770000,,0.000000,TSQL,241.8,241.8,023,NN,023,Tone->Tone,NFM,5.00,,50W,Havendienst Schiphol,,,,
374,Haven OPS 2,466.470000,,0.000000,TSQL,241.8,241.8,023,NN,023,Tone->Tone,NFM,5.00,,50W,Platformkoepel/Apron Officers,,,,
375,Brandweer Tr,455.870000,,0.000000,,88.5,88.5,023,NN,023,Tone->Tone,NFM,5.00,,50W,Fire & Rescue Training,,,,
376,Tech Calam 1,467.290000,,0.000000,TSQL,94.8,94.8,023,NN,023,Tone->Tone,NFM,5.00,,50W,Technische Calamiteiten,,,,
377,Tech Calam 2,467.310000,,0.000000,TSQL,94.8,94.8,023,NN,023,Tone->Tone,NFM,5.00,,50W,Technische Calamiteiten,,,,
378,NH Shuttle,169.270000,,0.000000,TSQL,77.0,77.0,023,NN,023,Tone->Tone,NFM,5.00,,50W,NH Hotels Shuttlebussen,,,,
379,Burger King,446.018750,,0.000000,TSQL,110.9,110.9,023,NN,023,Tone->Tone,NFM,5.00,,50W,Burger King Plaza,,,,
380,Taxi Beveilig,455.750000,,0.000000,TSQL,94.8,94.8,023,NN,023,Tone->Tone,NFM,5.00,,50W,Beveiliging Taxi Centrale,,,,
381,Taxi Standp,455.870000,,0.000000,TSQL,118.8,118.8,023,NN,023,Tone->Tone,NFM,5.00,,50W,Beveiligers Taxi Plaza,,,,
382,Sheraton,455.810000,,0.000000,,88.5,88.5,023,NN,023,Tone->Tone,NFM,5.00,,50W,Sheraton Hotel Schiphol,,,,
383,V d Valk DMR,467.343750,,0.000000,,88.5,88.5,023,NN,023,Tone->Tone,NFM,5.00,,50W,Van der Valk Hoofddorp (DMR),,,,
384,NH Hotel deH,467.330000,,0.000000,TSQL,136.5,136.5,023,NN,023,Tone->Tone,NFM,5.00,,50W,NH Hotel Bedrijventerrein,,,,
385,WTC Schiphol,467.230000,,0.000000,,88.5,88.5,023,NN,023,Tone->Tone,NFM,5.00,,50W,World Trade Centre,,,,
386,Anthony Fokk,467.250000,,0.000000,TSQL,218.1,218.1,023,NN,023,Tone->Tone,NFM,5.00,,50W,Anthony Fokker Business Park,,,,
387,Comfort Park,469.730000,,0.000000,TSQL,82.5,82.5,023,NN,023,Tone->Tone,NFM,5.00,,50W,Comfort Parking Shuttle,,,,
388,VIP Parking,467.410000,,0.000000,,88.5,88.5,023,NN,023,Tone->Tone,NFM,5.00,,50W,VIP Valet Parking,,,,
389,KLM ATD H11,460.087500,,0.000000,,88.5,88.5,023,NN,023,Tone->Tone,NFM,5.00,,50W,KLM Towing Hangaar 11,,,,
390,KLM ATD H12,460.025000,,0.000000,,88.5,88.5,023,NN,023,Tone->Tone,NFM,5.00,,50W,KLM Towing Hangaar 12,,,,
391,KLM Maint O,455.890000,,0.000000,,88.5,88.5,023,NN,023,Tone->Tone,NFM,5.00,,50W,KLM Maintenance Oost,,,,
392,KLM GA Oost,458.510000,,0.000000,TSQL,88.5,88.5,023,NN,023,Tone->Tone,NFM,5.00,,50W,KLM General Aviation Oost,,,,
393,Martinair TD,455.810000,,0.000000,,88.5,88.5,023,NN,023,Tone->Tone,NFM,5.00,,50W,Martinair Tech Dienst H32,,,,
394,Martinair H32,450.025000,,0.000000,,88.5,88.5,023,NN,023,Tone->Tone,NFM,5.00,,50W,Martinair Rangeren H32,,,,
395,Transavia TD,458.570000,,0.000000,,88.5,88.5,023,NN,023,Tone->Tone,NFM,5.00,,50W,Transavia Technische Dienst,,,,
396,Baggage TD,455.870000,,0.000000,,88.5,88.5,023,NN,023,Tone->Tone,NFM,5.00,,50W,TD Baggagebanden,,,,
397,LVNL Baan 4,447.175000,,0.000000,,88.5,88.5,023,NN,023,Tone->Tone,NFM,5.00,,50W,LVNL Baankanaal (UHF),,,,
398,LVNL TD 4,449.150000,,0.000000,,88.5,88.5,023,NN,023,Tone->Tone,NFM,5.00,,50W,LVNL Technische Dienst,,,,
399,Schiphol UHF,362.875000,,0.000000,,88.5,88.5,023,NN,023,Tone->Tone,AM,5.00,,50W,Schiphol Tower UHF,,,,
400,Approach UHF,312.375000,,0.000000,,88.5,88.5,023,NN,023,Tone->Tone,AM,5.00,,50W,Schiphol Approach UHF,,,,
401,MAR00,156.000000,,0.000000,,88.5,88.5,023,NN,023,Tone->Tone,NFM,5.00,,50W,Ch00: KNRM onderling,,,,
402,MAR01,160.650000,-,4.600000,,88.5,88.5,023,NN,023,Tone->Tone,NFM,5.00,,50W,Ch01: Verkeersbegeleiding,,,,
403,MAR02,160.700000,-,4.600000,,88.5,88.5,023,NN,023,Tone->Tone,NFM,5.00,,50W,Ch02: Verkeersbegeleiding,,,,
404,MAR03,160.750000,-,4.600000,,88.5,88.5,023,NN,023,Tone->Tone,NFM,5.00,,50W,Ch03: Verkeersbegeleiding,,,,
405,MAR04,160.800000,-,4.600000,,88.5,88.5,023,NN,023,Tone->Tone,NFM,5.00,,50W,Ch04: Verkeersbegeleiding,,,,
406,MAR05,160.850000,-,4.600000,,88.5,88.5,023,NN,023,Tone->Tone,NFM,5.00,,50W,Ch05: Verkeersbegeleiding,,,,
407,MAR06,156.300000,,0.000000,,88.5,88.5,023,NN,023,Tone->Tone,NFM,5.00,,50W,Ch06: Nautisch intership verkeer,,,,
408,MAR07,160.950000,-,4.600000,,88.5,88.5,023,NN,023,Tone->Tone,NFM,5.00,,50W,Ch07: Verkeersbegeleiding,,,,
409,MAR08,156.400000,,0.000000,,88.5,88.5,023,NN,023,Tone->Tone,NFM,5.00,,50W,Ch08: Sleepdiensten,,,,
410,MAR09,156.450000,,0.000000,,88.5,88.5,023,NN,023,Tone->Tone,NFM,5.00,,50W,Ch09: Havenoperaties,,,,
411,MAR10,156.500000,,0.000000,,88.5,88.5,023,NN,023,Tone->Tone,NFM,5.00,,50W,Ch10: Nautisch intership verkeer/Aanroep binnenwateren,,,,
412,MAR11,156.550000,,0.000000,,88.5,88.5,023,NN,023,Tone->Tone,NFM,5.00,,50W,Ch11: Havenoperaties,,,,
413,MAR12,156.600000,,0.000000,,88.5,88.5,023,NN,023,Tone->Tone,NFM,5.00,,50W,Ch12: Havenoperaties / verkeersbegeleiding,,,,
414,MAR13,156.650000,,0.000000,,88.5,88.5,023,NN,023,Tone->Tone,NFM,5.00,,50W,Ch13: Nautisch intership verkeer,,,,
415,MAR14,156.700000,,0.000000,,88.5,88.5,023,NN,023,Tone->Tone,NFM,5.00,,50W,Ch14: Havenoperaties / verkeersbegeleiding,,,,
416,MAR15,156.750000,,0.000000,,88.5,88.5,023,NN,023,Tone->Tone,NFM,5.00,,50W,Ch15: Ship to Ship / onboard,,,,
417,MAR16,156.800000,,0.000000,,88.5,88.5,023,NN,023,Tone->Tone,NFM,5.00,,50W,Ch16: Nederlandse Kustwacht / Den Helder Rescue,,,,
418,MAR17,156.850000,,0.000000,,88.5,88.5,023,NN,023,Tone->Tone,NFM,5.00,,50W,Ch17: Ship to Ship / onboard,,,,
419,MAR18,161.500000,-,4.600000,,88.5,88.5,023,NN,023,Tone->Tone,NFM,5.00,,50W,Ch18: Bruggen & Sluizen,,,,
420,MAR19,161.550000,-,4.600000,,88.5,88.5,023,NN,023,Tone->Tone,NFM,5.00,,50W,Ch19: Nautische informatie / Havenoperaties,,,,
421,MAR20,161.600000,-,4.600000,,88.5,88.5,023,NN,023,Tone->Tone,NFM,5.00,,50W,Ch20: Bruggen & Sluizen,,,,
422,MAR21,161.650000,-,4.600000,,88.5,88.5,023,NN,023,Tone->Tone,NFM,5.00,,50W,Ch21: Verkeersbegeleiding,,,,
423,MAR22,161.700000,-,4.600000,,88.5,88.5,023,NN,023,Tone->Tone,NFM,5.00,,50W,Ch22: Bruggen & Sluizen,,,,
424,MAR23,161.750000,-,4.600000,,88.5,88.5,023,NN,023,Tone->Tone,NFM,5.00,,50W,Ch23: Kustwacht (weer- en veiligheidsberichten),,,,
425,MAR24,161.800000,-,4.600000,,88.5,88.5,023,NN,023,Tone->Tone,NFM,5.00,,50W,Ch24: Kustwacht (B),,,,
426,MAR25,161.850000,-,4.600000,,88.5,88.5,023,NN,023,Tone->Tone,NFM,5.00,,50W,Ch25: Verkeersbegeleiding,,,,
427,MAR26,161.900000,-,4.575000,,88.5,88.5,023,NN,023,Tone->Tone,NFM,5.00,,50W,Ch26: Nautische informatie,,,,
428,MAR27,161.950000,-,4.600000,,88.5,88.5,023,NN,023,Tone->Tone,NFM,5.00,,50W,Ch27: Kustwacht (B) en Verkeersbegeleiding,,,,
429,MAR28,162.000000,-,4.600000,,88.5,88.5,023,NN,023,Tone->Tone,NFM,5.00,,50W,Ch28: Nautische informatie,,,,
430,MAR31,162.150000,-,4.600000,,88.5,88.5,023,NN,023,Tone->Tone,NFM,5.00,,50W,Ch31: Jachthavens,,,,
431,MAR60,160.625000,-,4.600000,,88.5,88.5,023,NN,023,Tone->Tone,NFM,5.00,,50W,Ch60: Verkeersbegeleiding,,,,
432,MAR61,160.675000,-,4.600000,,88.5,88.5,023,NN,023,Tone->Tone,NFM,5.00,,50W,Ch61: Verkeersbegeleiding,,,,
433,MAR62,160.725000,-,4.600000,,88.5,88.5,023,NN,023,Tone->Tone,NFM,5.00,,50W,Ch62: Verkeersbegeleiding,,,,
434,MAR63,160.775000,-,4.600000,,88.5,88.5,023,NN,023,Tone->Tone,NFM,5.00,,50W,Ch63: Verkeersbegeleiding,,,,
435,MAR64,160.825000,-,4.600000,,88.5,88.5,023,NN,023,Tone->Tone,NFM,5.00,,50W,Ch64: Verkeersbegeleiding,,,,
436,MAR65,160.875000,-,4.600000,,88.5,88.5,023,NN,023,Tone->Tone,NFM,5.00,,50W,Ch65: Verkeersbegeleiding,,,,
437,MAR66,160.925000,-,4.600000,,88.5,88.5,023,NN,023,Tone->Tone,NFM,5.00,,50W,Ch66: Verkeersbegeleiding,,,,
438,MAR67,156.375000,,0.000000,,88.5,88.5,023,NN,023,Tone->Tone,NFM,5.00,,50W,Ch67: SAR / Kustwacht,,,,
439,MAR68,156.425000,,0.000000,,88.5,88.5,023,NN,023,Tone->Tone,NFM,5.00,,50W,Ch68: Verkeersbegeleiding,,,,
440,MAR69,156.475000,,0.000000,,88.5,88.5,023,NN,023,Tone->Tone,NFM,5.00,,50W,Ch69: Verkeersbegeleiding,,,,
441,MAR70,156.525000,,0.000000,,88.5,88.5,023,NN,023,Tone->Tone,NFM,5.00,,50W,Ch70: DSC-Berichten (Nood- en aanroepkanaal),,,,
442,MAR71,156.575000,,0.000000,,88.5,88.5,023,NN,023,Tone->Tone,NFM,5.00,,50W,Ch71: Havenoperaties,,,,
443,MAR72,156.625000,,0.000000,,88.5,88.5,023,NN,023,Tone->Tone,NFM,5.00,,50W,Ch72: Nautisch intership/bergings- en sleepdiensten / sociaal verkeer,,,,
444,MAR73,156.675000,,0.000000,,88.5,88.5,023,NN,023,Tone->Tone,NFM,5.00,,50W,Ch73: Nautische informatie t.b.v. bestrijding verontreinigingen,,,,
445,MAR74,156.725000,,0.000000,,88.5,88.5,023,NN,023,Tone->Tone,NFM,5.00,,50W,Ch74: Havenoperaties,,,,
446,MAR75,156.775000,,0.000000,,88.5,88.5,023,NN,023,Tone->Tone,NFM,5.00,,50W,Ch75: Havenoperaties,,,,
447,MAR76,156.825000,,0.000000,,88.5,88.5,023,NN,023,Tone->Tone,NFM,5.00,,50W,Ch76: Nautisch gebruik diverse,,,,
448,MAR77,156.875000,,0.000000,,88.5,88.5,023,NN,023,Tone->Tone,NFM,5.00,,50W,Ch77: Onderling sociaal verkeer,,,,
449,MAR78,161.525000,-,4.600000,,88.5,88.5,023,NN,023,Tone->Tone,NFM,5.00,,50W,Ch78: Nautische informatie / Havenoperaties,,,,
450,MAR79,161.575000,-,4.600000,,88.5,88.5,023,NN,023,Tone->Tone,NFM,5.00,,50W,Ch79: Nautische informatie / Havenoperaties,,,,
451,MAR80,161.625000,-,4.600000,,88.5,88.5,023,NN,023,Tone->Tone,NFM,5.00,,50W,Ch80: Verkeersbegeleiding,,,,
452,MAR81,161.675000,-,4.600000,,88.5,88.5,023,NN,023,Tone->Tone,NFM,5.00,,50W,Ch81: Verkeersbegeleiding,,,,
453,MAR82,161.725000,-,4.600000,,88.5,88.5,023,NN,023,Tone->Tone,NFM,5.00,,50W,Ch82: Bunkeren & Proviandering,,,,
454,MAR83,161.775000,-,4.600000,,88.5,88.5,023,NN,023,Tone->Tone,NFM,5.00,,50W,Ch83: Kustwacht (weer- en veiligheidsberichten),,,,
455,MAR84,161.825000,-,4.600000,,88.5,88.5,023,NN,023,Tone->Tone,NFM,5.00,,50W,Ch84: Bruggen & Sluizen,,,,
456,MAR85,161.875000,-,4.600000,,88.5,88.5,023,NN,023,Tone->Tone,NFM,5.00,,50W,Ch85: Bruggen & Sluizen,,,,
457,MAR86,161.925000,-,4.600000,,88.5,88.5,023,NN,023,Tone->Tone,NFM,5.00,,50W,Ch86: Nautische informatie,,,,
458,MAR87,157.375000,,0.000000,,88.5,88.5,023,NN,023,Tone->Tone,NFM,5.00,,50W,Ch87: Nautisch gebruik diverse,,,,
459,MAR88,157.425000,,0.000000,,88.5,88.5,023,NN,023,Tone->Tone,NFM,5.00,,50W,Ch88: Tijdelijke maritieme evenementen,,,,
460,KNBRD 1,164.990000,,0.600000,TSQL,71.9,71.9,023,NN,023,Tone->Tone,NFM,5.00,,50W,NL/ Landelijk KNBRD kanaal 1/wit,,,,
461,KNBRD 2,165.010000,,0.600000,TSQL,71.9,71.9,023,NN,023,Tone->Tone,NFM,5.00,,50W,NL/ Landelijk KNBRD kanaal 2/rood,,,,
462,KNBRD 3,165.170000,,0.600000,TSQL,71.9,71.9,023,NN,023,Tone->Tone,NFM,5.00,,50W,NL/ Landelijk KNBRD kanaal 3/geel,,,,
463,KNBRD 4,164.950000,,0.600000,TSQL,71.9,71.9,023,NN,023,Tone->Tone,NFM,5.00,,50W,NL/ Landelijk KNBRD kanaal 4/blauw (RK E),,,,
464,KNBRD 5,164.590000,,0.600000,TSQL,71.9,71.9,023,NN,023,Tone->Tone,NFM,5.00,,50W,NL/ Landelijk KNBRD kanaal 5/groen,,,,
465,KNBRD 6,160.290000,,0.600000,TSQL,71.9,71.9,023,NN,023,Tone->Tone,NFM,5.00,,50W,NL/ Landelijk KNBRD kanaal 6/oranje_ grootschalige inzet/koppelkanaal,,,,
466,KNBRD 61,164.990000,-,4.700000,Tone,77.0,88.5,023,NN,023,Tone->Tone,NFM,5.00,,50W,NL/ Landelijk KNBRD relais kanaal 61,,,,
467,KNBRD 62,165.010000,-,4.720000,Tone,82.5,88.5,023,NN,023,Tone->Tone,NFM,5.00,,50W,NL/ Landelijk KNBRD relais kanaal 62,,,,
468,KNBRD 63,165.170000,-,4.880000,Tone,88.5,88.5,023,NN,023,Tone->Tone,NFM,5.00,,50W,NL/ Landelijk KNBRD relais kanaal 63,,,,
469,KNBRD 64,164.950000,-,4.660000,Tone,94.8,88.5,023,NN,023,Tone->Tone,NFM,5.00,,50W,NL/ Landelijk KNBRD relais kanaal 64,,,,
470,KNBRD 65,164.590000,-,4.300000,Tone,100.0,88.5,023,NN,023,Tone->Tone,NFM,5.00,,50W,NL/ Landelijk KNBRD relais kanaal 65,,,,
501,RK L1,146.190000,,0.600000,,88.5,88.5,023,NN,023,Tone->Tone,NFM,5.00,,50W,NL/ Landelijk Rode Kruis L1,,,,
502,RK L2,146.310000,,0.600000,,88.5,88.5,023,NN,023,Tone->Tone,NFM,5.00,,50W,NL/ Landelijk Rode Kruis L2,,,,
503,RK L3,146.450000,,0.600000,,88.5,88.5,023,NN,023,Tone->Tone,NFM,5.00,,50W,NL/ Landelijk Rode Kruis L3,,,,
504,RK L4,146.470000,,0.600000,,88.5,88.5,023,NN,023,Tone->Tone,NFM,5.00,,50W,NL/ Landelijk Rode Kruis L4,,,,
505,RK L5,146.570000,,0.600000,,88.5,88.5,023,NN,023,Tone->Tone,NFM,5.00,,50W,NL/ Landelijk Rode Kruis L5,,,,
506,RK E,164.950000,,0.600000,,88.5,88.5,023,NN,023,Tone->Tone,NFM,5.00,,50W,NL/ Landelijk Rode Kruis E (KNBRD 4/blauw),,,,
507,RK B,165.130000,,0.600000,,88.5,88.5,023,NN,023,Tone->Tone,NFM,5.00,,50W,NL/ Landelijk Rode Kruis B,,,,
508,MIR DISTRES,156.800000,,0.000000,,88.5,88.5,023,NN,023,Tone->Tone,NFM,5.00,,50W,Marifoon Ch16: Internationaal Noodkanaal,,,,
509,MIR SAR NL,156.375000,,0.000000,,88.5,88.5,023,NN,023,Tone->Tone,NFM,5.00,,50W,Marifoon Ch67: Search and Rescue NL,,,,
510,AIR GUA,121.500000,,0.000000,,88.5,88.5,023,NN,023,Tone->Tone,AM,5.00,,50W,International Air Distress (GUARD),,,,
511,AIR SAR,123.100000,,0.000000,,88.5,88.5,023,NN,023,Tone->Tone,AM,5.00,,50W,Aviation Search and Rescue,,,,
512,DARES 2M,145.500000,,0.000000,,88.5,88.5,023,NN,023,Tone->Tone,NFM,12.50,,50W,Amateur Oproepfrequentie (VHF),,,,
513,DARES 70,433.500000,,0.000000,,88.5,88.5,023,NN,023,Tone->Tone,NFM,12.50,,50W,Amateur Oproepfrequentie (UHF),,,,
514,REDDING,170.012500,,0.000000,,88.5,88.5,023,NN,023,Tone->Tone,NFM,12.50,,50W,Reddingsbrigade Nederland Algemeen,,,,
515,KNRM 0,156.000000,,0.000000,,88.5,88.5,023,NN,023,Tone->Tone,NFM,5.00,,50W,KNRM Intership (nood/werk),,,,
601,ISS VOICE,145.800000,,0.600000,,88.5,88.5,023,NN,023,Tone->Tone,WFM,5.00,,50W,,,,,
602,ISS Repeat,437.800000,,0.600000,,88.5,88.5,023,NN,023,Tone->Tone,WFM,5.00,,50W,,,,,
603,ISS RUS,143.625000,,0.600000,,88.5,88.5,023,NN,023,Tone->Tone,FM,5.00,,50W,,,,,
604,SATCOM,255.550000,,0.600000,,88.5,88.5,023,NN,023,Tone->Tone,WFM,5.00,,50W,,,,,
